secuencia,nodo_id,alternativa_id,IIA,IIC,MI,EI,CI,RC,DPE-A,DPE-P,LF
MLQ5X_D1_SEQUENCE_1,MLQ5X_D1S1_N1_RIOS_CHOICE,A,4,4,0,0,0,0,0,0,0
MLQ5X_D1_SEQUENCE_1,MLQ5X_D1S1_N1_RIOS_CHOICE,B,0,0,2,0,0,0,0,0,0
MLQ5X_D1_SEQUENCE_1,MLQ5X_D1S1_N1_RIOS_CHOICE,C,0,0,0,0,0,2,0,0,0
MLQ5X_D1_SEQUENCE_1,MLQ5X_D1S1_N2_GUZMAN_DOCENCIA,A,0,4,2,0,0,0,0,0,0
MLQ5X_D1_SEQUENCE_1,MLQ5X_D1S1_N2_GUZMAN_DOCENCIA,B,0,0,0,0,0,0,0,0,2
MLQ5X_D1_SEQUENCE_1,MLQ5X_D1S1_N2_GUZMAN_DOCENCIA,C,0,0,0,0,0,2,0,0,0
MLQ5X_D1_SEQUENCE_1,MLQ5X_D1S1_N3_RIOS_PROTOCOLS,A,0,2,0,2,0,0,0,0,0
MLQ5X_D1_SEQUENCE_1,MLQ5X_D1S1_N3_RIOS_PROTOCOLS,B,0,0,0,0,0,0,0,0,4
MLQ5X_D1_SEQUENCE_1,MLQ5X_D1S1_N3_RIOS_PROTOCOLS,C,0,0,0,0,0,0,2,0,0
MLQ5X_D1_SEQUENCE_1,MLQ5X_D1S1_N4_SOTO_INDICATORS,A,0,0,0,2,2,0,0,0,0
MLQ5X_D1_SEQUENCE_1,MLQ5X_D1S1_N4_SOTO_INDICATORS,B,0,0,0,0,0,2,0,0,0
MLQ5X_D1_SEQUENCE_1,MLQ5X_D1S1_N4_SOTO_INDICATORS,C,0,0,0,0,0,2,0,0,0
MLQ5X_D1_SEQUENCE_1,MLQ5X_D1S1_N5_SOFIA_PRIORITY,A,0,0,0,0,0,0,0,0,0
MLQ5X_D1_SEQUENCE_1,MLQ5X_D1S1_N5_SOFIA_PRIORITY,B,0,0,0,0,0,0,0,0,0
MLQ5X_D1_SEQUENCE_1,MLQ5X_D1S1_N5_SOFIA_PRIORITY,C,0,0,0,0,0,0,0,0,0
MLQ5X_D1_SEQUENCE_3,MLQ5X_D1S3_N6_GUZMAN_DOCENCIA,A,0,0,0,0,0,0,0,0,0
MLQ5X_D1_SEQUENCE_3,MLQ5X_D1S3_N6_GUZMAN_DOCENCIA,B,0,0,0,0,0,0,0,0,0
MLQ5X_D1_SEQUENCE_3,MLQ5X_D1S3_N6_GUZMAN_DOCENCIA,C,0,0,0,0,0,0,0,0,0
MLQ5X_D1_SEQUENCE_4,MLQ5X_D1S4_N7_RIOS_DERIVACION,A,0,4,0,0,2,0,0,0,0
MLQ5X_D1_SEQUENCE_4,MLQ5X_D1S4_N7_RIOS_DERIVACION,B,0,0,0,0,0,0,0,0,2
MLQ5X_D1_SEQUENCE_4,MLQ5X_D1S4_N7_RIOS_DERIVACION,C,0,0,0,0,0,0,2,0,0
MLQ5X_D1_SEQUENCE_4,MLQ5X_D1S4_N8_RIOS_SANCION,A,0,2,0,0,4,0,0,0,0
MLQ5X_D1_SEQUENCE_4,MLQ5X_D1S4_N8_RIOS_SANCION,B,0,0,0,0,0,0,2,0,0
MLQ5X_D1_SEQUENCE_4,MLQ5X_D1S4_N8_RIOS_SANCION,C,0,0,0,0,0,0,2,0,0
MLQ5X_D1_SEQUENCE_4,MLQ5X_D1S4_N9_SOTO_REPORTE,A,0,2,0,0,0,0,2,0,0
MLQ5X_D1_SEQUENCE_4,MLQ5X_D1S4_N9_SOTO_REPORTE,B,0,0,0,0,0,0,0,2,0
MLQ5X_D1_SEQUENCE_4,MLQ5X_D1S4_N9_SOTO_REPORTE,C,2,0,0,0,0,0,0,0,0
MLQ5X_D1_SEQUENCE_5,MLQ5X_D1S5_N10_SOTO_PROTOCOLS,A,0,0,0,0,0,0,0,0,0
MLQ5X_D1_SEQUENCE_5,MLQ5X_D1S5_N10_SOTO_PROTOCOLS,B,0,0,0,0,0,0,0,0,0
MLQ5X_D1_SEQUENCE_5,MLQ5X_D1S5_N10_SOTO_PROTOCOLS,C,0,0,0,0,0,0,0,0,0
MLQ5X_D2_SEQUENCE_8,MLQ5X_D2S8_N11_SOTO_DECISION,A,2,0,4,0,0,0,0,0,0
MLQ5X_D2_SEQUENCE_8,MLQ5X_D2S8_N11_SOTO_DECISION,B,0,0,0,0,0,0,0,2,0
MLQ5X_D2_SEQUENCE_8,MLQ5X_D2S8_N11_SOTO_DECISION,C,0,0,0,0,0,0,0,0,2
MLQ5X_D2_SEQUENCE_9,MLQ5X_D2S9_N12_SOTO_WATER_CUT_FOLLOWUP,A,2,0,4,0,0,0,0,0,0
MLQ5X_D2_SEQUENCE_9,MLQ5X_D2S9_N12_SOTO_WATER_CUT_FOLLOWUP,B,0,0,0,0,0,2,0,0,0
MLQ5X_D2_SEQUENCE_9,MLQ5X_D2S9_N12_SOTO_WATER_CUT_FOLLOWUP,C,0,0,0,0,0,0,0,0,0
MLQ5X_D2_SEQUENCE_10,MLQ5X_D2S10_N13_LATE_ARRIVAL_RESPONSE,A,0,0,2,0,2,0,0,0,0
MLQ5X_D2_SEQUENCE_10,MLQ5X_D2S10_N13_LATE_ARRIVAL_RESPONSE,B,0,0,0,0,2,0,0,0,0
MLQ5X_D2_SEQUENCE_10,MLQ5X_D2S10_N13_LATE_ARRIVAL_RESPONSE,C,0,0,0,0,0,0,2,0,0
MLQ5X_D2_SEQUENCE_10,MLQ5X_D2S10_N14_RIOS_EXTENDED_SHIFTS,A,0,0,2,0,4,0,0,0,0
MLQ5X_D2_SEQUENCE_10,MLQ5X_D2S10_N14_RIOS_EXTENDED_SHIFTS,B,0,0,0,0,0,0,0,2,0
MLQ5X_D2_SEQUENCE_10,MLQ5X_D2S10_N14_RIOS_EXTENDED_SHIFTS,C,0,0,0,0,0,0,0,0,2
MLQ5X_D2_SEQUENCE_10,MLQ5X_D2S10_N15_RIOS_RESIGNATION_RISK,A,0,0,0,0,2,0,0,0,0
MLQ5X_D2_SEQUENCE_10,MLQ5X_D2S10_N15_RIOS_RESIGNATION_RISK,B,0,0,0,0,0,0,0,0,4
MLQ5X_D2_SEQUENCE_10,MLQ5X_D2S10_N15_RIOS_RESIGNATION_RISK,C,0,0,0,0,0,0,0,0,4
MLQ5X_D2_SEQUENCE_11,MLQ5X_D2S11_N16_GUZMAN_VISION,A,0,2,4,0,0,0,0,0,0
MLQ5X_D2_SEQUENCE_11,MLQ5X_D2S11_N16_GUZMAN_VISION,B,0,0,0,0,0,0,0,0,0
MLQ5X_D2_SEQUENCE_11,MLQ5X_D2S11_N16_GUZMAN_VISION,C,0,0,0,0,0,2,0,0,0
MLQ5X_D2_SEQUENCE_11,MLQ5X_D2S11_N17_GUZMAN_PRACTICE_CUPS,A,4,2,0,0,0,0,0,0,0
MLQ5X_D2_SEQUENCE_11,MLQ5X_D2S11_N17_GUZMAN_PRACTICE_CUPS,B,0,0,2,0,0,0,0,0,0
MLQ5X_D2_SEQUENCE_11,MLQ5X_D2S11_N17_GUZMAN_PRACTICE_CUPS,C,0,0,0,0,0,0,0,0,2
MLQ5X_D3_SEQUENCE_14,MLQ5X_D3S14_N18_SOFIA_BOX6_DECISION,A,4,0,0,0,2,0,0,0,0
MLQ5X_D3_SEQUENCE_14,MLQ5X_D3S14_N18_SOFIA_BOX6_DECISION,B,0,0,0,0,0,0,0,2,0
MLQ5X_D3_SEQUENCE_14,MLQ5X_D3S14_N18_SOFIA_BOX6_DECISION,C,0,0,0,0,0,0,0,0,2
MLQ5X_D3_SEQUENCE_14,MLQ5X_D3S14_N19_ULTRASOUND_SHARED_USE,A,0,2,0,4,0,0,0,0,0
MLQ5X_D3_SEQUENCE_14,MLQ5X_D3S14_N19_ULTRASOUND_SHARED_USE,B,0,0,0,0,0,0,0,4,0
MLQ5X_D3_SEQUENCE_14,MLQ5X_D3S14_N19_ULTRASOUND_SHARED_USE,C,0,0,0,0,0,0,0,0,2
MLQ5X_D3_SEQUENCE_15,MLQ5X_D3S15_N20_SOTO_ROTATING_SHIFTS_DECISION,A,0,0,0,2,2,0,0,0,0
MLQ5X_D3_SEQUENCE_15,MLQ5X_D3S15_N20_SOTO_ROTATING_SHIFTS_DECISION,B,0,0,0,0,0,0,2,0,0
MLQ5X_D3_SEQUENCE_15,MLQ5X_D3S15_N20_SOTO_ROTATING_SHIFTS_DECISION,C,0,0,0,2,0,0,0,0,0
MLQ5X_D3_SEQUENCE_16,MLQ5X_D3S16_N21_GUZMAN_UNREGISTERED_INTERNS,A,0,2,0,4,0,0,0,0,0
MLQ5X_D3_SEQUENCE_16,MLQ5X_D3S16_N21_GUZMAN_UNREGISTERED_INTERNS,B,0,0,0,0,0,0,0,4,0
MLQ5X_D3_SEQUENCE_16,MLQ5X_D3S16_N21_GUZMAN_UNREGISTERED_INTERNS,C,0,0,0,0,0,0,2,0,2
MLQ5X_D3_SEQUENCE_16,MLQ5X_D3S16_N22_GUZMAN_CONVENIO_BOX1,A,0,0,0,0,2,4,0,0,0
MLQ5X_D3_SEQUENCE_16,MLQ5X_D3S16_N22_GUZMAN_CONVENIO_BOX1,B,0,0,0,0,0,0,0,2,0
MLQ5X_D3_SEQUENCE_16,MLQ5X_D3S16_N22_GUZMAN_CONVENIO_BOX1,C,0,0,0,0,0,0,0,0,2
MLQ5X_D3_SEQUENCE_18,MLQ5X_D3S18_N23_JAVIER_WORKLOAD,A,0,0,0,0,4,0,0,0,0
MLQ5X_D3_SEQUENCE_18,MLQ5X_D3S18_N23_JAVIER_WORKLOAD,B,0,0,0,0,2,0,0,0,0
MLQ5X_D3_SEQUENCE_18,MLQ5X_D3S18_N23_JAVIER_WORKLOAD,C,0,0,0,0,0,0,0,0,2
MLQ5X_D4_SEQUENCE_19,MLQ5X_D4S19_N24_GUZMAN_BOX1_BROKEN_PROMISE,A,0,0,0,0,0,0,0,0,0
MLQ5X_D4_SEQUENCE_19,MLQ5X_D4S19_N24_GUZMAN_BOX1_BROKEN_PROMISE,B,0,0,0,0,0,0,0,0,0
MLQ5X_D4_SEQUENCE_19,MLQ5X_D4S19_N24_GUZMAN_BOX1_BROKEN_PROMISE,C,0,0,0,0,0,0,0,0,0
MLQ5X_D4_SEQUENCE_20,MLQ5X_D4S20_N25_RIOS_FLEXIBILITY_REQUEST,A,0,0,0,0,2,4,0,0,0
MLQ5X_D4_SEQUENCE_20,MLQ5X_D4S20_N25_RIOS_FLEXIBILITY_REQUEST,B,0,0,0,0,0,0,0,2,0
MLQ5X_D4_SEQUENCE_20,MLQ5X_D4S20_N25_RIOS_FLEXIBILITY_REQUEST,C,0,0,0,0,0,0,2,0,0
MLQ5X_D5_SEQUENCE_21,MLQ5X_D5S21_N26_SOFIA_MINOR_RECORD_ERROR,A,0,0,0,0,0,0,4,0,0
MLQ5X_D5_SEQUENCE_21,MLQ5X_D5S21_N26_SOFIA_MINOR_RECORD_ERROR,B,0,0,0,0,0,0,2,0,0
MLQ5X_D5_SEQUENCE_21,MLQ5X_D5S21_N26_SOFIA_MINOR_RECORD_ERROR,C,0,0,0,0,0,0,0,0,2
MLQ5X_D5_SEQUENCE_22,MLQ5X_D5S22_N27_SOTO_MINOR_RISK_REPORT,A,0,0,0,2,0,0,4,0,0
MLQ5X_D5_SEQUENCE_22,MLQ5X_D5S22_N27_SOTO_MINOR_RISK_REPORT,B,0,0,0,0,0,0,0,2,0
MLQ5X_D5_SEQUENCE_22,MLQ5X_D5S22_N27_SOTO_MINOR_RISK_REPORT,C,0,0,0,0,0,0,0,0,2
MLQ5X_D5_SEQUENCE_23,MLQ5X_D5S23_N28_RIOS_TENS_PROTOCOL,A,2,0,0,0,0,4,0,0,0
MLQ5X_D5_SEQUENCE_23,MLQ5X_D5S23_N28_RIOS_TENS_PROTOCOL,B,0,0,0,0,0,2,0,0,0
MLQ5X_D5_SEQUENCE_23,MLQ5X_D5S23_N28_RIOS_TENS_PROTOCOL,C,0,0,0,0,0,0,2,0,0
